Easy,Hard_1,Hard_2,Hard_3
Examen,Examen sorpresa,Examen final,Examen diagnóstico
Lado,Lado oscuro,Lado positivo,Lado izquierdo
Amor,Amor eterno,Amor verdadero,Amor a primera vista
Mente,Mente abierta,Mente brillante,Mente en blanco
Lengua,Lengua materna,Lengua afilada,Lengua de señas
Piel,Piel de gallina,Piel suave,Piel sensible
Cabello,Cabello rizado,Cabello sedoso,Cabello teñido
División,División celular,División de bienes,División de trabajo
Charla,Charla motivacional,Charla informativa,Charla amistosa
Fantasma,Fantasma del pasado,Fantasma aterrador,Fantasma amigable
Valla,Valla publicitaria,Valla de seguridad,Valla de madera
Ventana,Ventana rota,Ventana abierta,Ventana de oportunidades
Taco,Taco de billar,Taco mexicano,Taco de carne
Boda,Boda de plata,Boda real,Boda íntima
Celo,Celo profesional,Celo amoroso,Celo excesivo
Otoño,Otoño dorado,Otoño lluvioso,Otoño melancólico
Esposa,Esposa fiel,Esposa amorosa,Esposa dedicada
Retrete,Retrete sucio,Retrete roto,Retrete portátil
Sol,Sol naciente,Sol radiante,Sol de medianoche
Golf,Golf de campeonato,Golf profesional,Golf en miniatura
Donut,Donut de chocolate,Donut glaseado,Donut relleno
Juguete,Juguete roto,Juguete educativo,Juguete de peluche
Lavado,Lavado en seco,Lavado rápido,Lavado de autos
Caminata,Caminata nocturna,Caminata relajante,Caminata larga
Vacío,Vacío legal,Vacío existencial,Vacío emocional
Correo,Correo electrónico,Correo urgente,Correo postal
Rana,Rana saltarina,Rana verde,Rana gigante
Familia,Familia nuclear,Familia extensa,Familia adoptiva
Cuchara,Cuchara sopera,Cuchara de madera,Cuchara de plata
Sabor,Sabor amargo,Sabor dulce,Sabor intenso
Funeral,Funeral simbólico,Funeral triste,Funeral multitudinario
Oro,Oro macizo,Oro brillante,Oro de 24 quilates
Ballena,Ballena azul,Ballena jorobada,Ballena asesina
Banco,Banco de sangre,Banco central,Banco de madera
Periódico,Periódico local,Periódico antiguo,Periódico digital
Fregadero,Fregadero sucio,Fregadero lleno,Fregadero roto
Frigorífico,Frigorífico vacío,Frigorífico antiguo,Frigorífico lleno
Alto,Alto mando,Alto rendimiento,Alto voltaje
Frito,Frito variado,Frito crujiente,Frito rápido
Guante,Guante de seda,Guante de boxeo,Guante térmico
Sangre,Sangre azul,Sangre fría,Sangre caliente
Fruta,Fruta fresca,Fruta exótica,Fruta madura
Felicidad,Felicidad plena,Felicidad duradera,Felicidad compartida
Sudor,Sudor frío,Sudor abundante,Sudor nervioso
Sombrero,Sombrero de copa,Sombrero de paja,Sombrero elegante
Traje,Traje a medida,Traje de baño,Traje espacial
Voz,Voz interior,Voz suave,Voz fuerte
Maestro,Maestro de ceremonias,Maestro sabio,Maestro de escuela
Cirugía,Cirugía plástica,Cirugía mayor,Cirugía de emergencia
Manivela,Manivela rota,Manivela oxidada,Manivela antigua
Menú,Menú del día,Menú degustación,Menú infantil
Cuchilla,Cuchilla afilada,Cuchilla oxidada,Cuchilla de afeitar
Miga,Miga de pan,Miga de pastel,Miga diminuta
Cumpleaños,Cumpleaños feliz,Cumpleaños sorpresa,Cumpleaños inolvidable
Tarta,Tarta de cumpleaños,Tarta de manzana,Tarta de chocolate
Masa,Masa madre,Masa quebrada,Masa fermentada
Pequeño,Pequeño gigante,Pequeño detalle,Pequeño error
Bar,Bar de tapas,Bar nocturno,Bar de copas
Animal,Animal salvaje,Animal doméstico,Animal en peligro
Manzana,Manzana podrida,Manzana verde,Manzana jugosa
Siesta,Siesta corta,Siesta larga,Siesta reparadora
Dulce,Dulce de leche,Dulce amargo,Dulce casero
Asiento,Asiento reservado,Asiento cómodo,Asiento de ventana
Bolsa,Bolsa de valores,Bolsa de plástico,Bolsa de papel
Bebé,Bebé llorón,Bebé recién nacido,Bebé prematuro
Saco,Saco de dormir,Saco de boxeo,Saco de harina
Círculo,Círculo vicioso,Círculo social,Círculo cerrado
Cierre,Cierre centralizado,Cierre de seguridad,Cierre definitivo
Hormiga,Hormiga trabajadora,Hormiga roja,Hormiga reina
Ensalada,Ensalada mixta,Ensalada verde,Ensalada de frutas
Pastel,Pastel de bodas,Pastel de cumpleaños,Pastel de chocolate
Pájaro,Pájaro carpintero,Pájaro cantor,Pájaro exótico
Caca,Caca de perro,Caca de pájaro,Caca de vaca
Ángel,Ángel guardián,Ángel caído,Ángel de la guarda
Mordisco,Mordisco de amor,Mordisco fuerte,Mordisco de perro
Camino,Camino real,Camino largo,Camino sinuoso
Globo,Globo aerostático,Globo terráqueo,Globo de cumpleaños
Castillo,Castillo medieval,Castillo de arena,Castillo embrujado
Hueso,Hueso roto,Hueso duro,Hueso de pollo
Cámara,Cámara secreta,Cámara de fotos,Cámara de seguridad
Granero,Granero vacío,Granero lleno,Granero antiguo
Masaje,Masaje relajante,Masaje terapéutico,Masaje deportivo
Radio,Radio local,Radio antigua,Radio portátil
Baño,Baño caliente,Baño de burbujas,Baño de vapor
Película,Película de terror,Película romántica,Película de acción
Cachorro,Cachorro de león,Cachorro juguetón,Cachorro de perro
Rebote,Rebote fortuito,Rebote inesperado,Rebote de balón
Cepillo,Cepillo de dientes,Cepillo de pelo,Cepillo de ropa
Almeja,Almeja gigante,Almeja fresca,Almeja cocida
Pepinillo,Pepinillo agridulce,Pepinillo encurtido,Pepinillo crujiente
Consejo,Consejo sabio,Consejo amistoso,Consejo profesional
Caimán,Caimán feroz,Caimán dormido,Caimán americano
Arena,Arena movediza,Arena blanca,Arena fina
Cono,Cono de helado,Cono de tráfico,Cono volcánico
Bomba,Bomba de tiempo,Bomba de agua,Bomba explosiva
Desfile,Desfile militar,Desfile de moda,Desfile festivo
Choque,Choque frontal,Choque inesperado,Choque violento
Bicho,Bicho raro,Bicho pequeño,Bicho de luz
Calabaza,Calabaza de Halloween,Calabaza gigante,Calabaza dulce
Descanso,Descanso eterno,Descanso breve,Descanso reparador
Amigo,Amigo invisible,Amigo cercano,Amigo fiel
Elefante,Elefante africano,Elefante asiático,Elefante de circo
Pregunta,Pregunta capciosa,Pregunta difícil,Pregunta inesperada
Césped,Césped artificial,Césped verde,Césped bien cuidado
Escalera,Escalera mecánica,Escalera de mano,Escalera de incendios
Hecho,Hecho consumado,Hecho interesante,Hecho real
Verano,Verano caluroso,Verano inolvidable,Verano en la playa
Seco,Seco como el polvo,Seco y árido,Seco y agrietado
Conductor,Conductor designado,Conductor novato,Conductor profesional
Garaje,Garaje privado,Garaje subterráneo,Garaje lleno
Mano,Mano amiga,Mano derecha,Mano de obra
Piedra,Piedra filosofal,Piedra preciosa,Piedra angular
Verde,Verde esmeralda,Verde esperanza,Verde oscuro
Sueño,Sueño profundo,Sueño reparador,Sueño lúcido
Globo,Globo aerostático,Globo terráqueo,Globo de cumpleaños
Agua,Agua bendita,Agua potable,Agua salada
Fósil,Fósil viviente,Fósil antiguo,Fósil petrificado
Huevo,Huevo duro,Huevo frito,Huevo revuelto
Parada,Parada obligatoria,Parada de autobús,Parada técnica
Vaso,Vaso roto,Vaso de cristal,Vaso lleno
Verdura,Verdura fresca,Verdura cocida,Verdura orgánica
Mesa,Mesa redonda,Mesa de trabajo,Mesa de comedor
Vacaciones,Vacaciones de verano,Vacaciones inolvidables,Vacaciones en la playa
Ola,Ola gigante,Ola de calor,Ola de frío
Taburete,Taburete alto,Taburete de bar,Taburete de madera
Granja,Granja escuela,Granja de animales,Granja ecológica
Pie,Pie de atleta,Pie grande,Pie plano
Bufanda,Bufanda de lana,Bufanda de seda,Bufanda larga
Fuego,Fuego cruzado,Fuego artificial,Fuego lento
Conducción,Conducción temeraria,Conducción defensiva,Conducción nocturna
Azúcar,Azúcar moreno,Azúcar blanca,Azúcar en polvo
Jarabe,Jarabe de arce,Jarabe para la tos,Jarabe espeso
Mundo,Mundo paralelo,Mundo virtual,Mundo submarino
Tambor,Tambor africano,Tambor rítmico,Tambor metálico
Espada,Espada láser,Espada medieval,Espada samurái
Puño,Puño de hierro,Puño cerrado,Puño americano
Gas,Gas lacrimógeno,Gas natural,Gas venenoso
Sueño,Sueño profundo,Sueño reparador,Sueño lúcido
Derrame,Derrame cerebral,Derrame de petróleo,Derrame de líquido
Dedo,Dedo meñique,Dedo índice,Dedo anular
Suéter,Suéter de lana,Suéter abrigado,Suéter a rayas
Silencio,Silencio absoluto,Silencio incómodo,Silencio sepulcral
Pared,Pared de ladrillo,Pared pintada,Pared divisoria
Fácil,Fácil de entender,Fácil de resolver,Fácil de aprender
Doble,Doble moral,Doble cara,Doble intención
Bajada,Bajada pronunciada,Bajada de precio,Bajada de tensión
Tenedor,Tenedor de oro,Tenedor de postre,Tenedor de madera
Tierra,Tierra fértil,Tierra prometida,Tierra batida
Diente,Diente de león,Diente de ajo,Diente de tiburón
Hámster,Hámster ruso,Hámster dorado,Hámster enano
Banco,Banco de sangre,Banco central,Banco de madera
Sal,Sal marina,Sal de mesa,Sal gruesa
Asado,Asado criollo,Asado a la parrilla,Asado al horno
Carrito,Carrito de compras,Carrito de bebé,Carrito de helados
Chocolate,Chocolate amargo,Chocolate con leche,Chocolate derretido
Galleta,Galleta de avena,Galleta de chocolate,Galleta salada
Burbuja,Burbuja inmobiliaria,Burbuja de jabón,Burbuja financiera
Banda,Banda sonora,Banda de rock,Banda criminal
Arroz,Arroz integral,Arroz con leche,Arroz blanco
Papá,Papá Noel,Papá cariñoso,Papá estricto
Vaca,Vaca lechera,Vaca sagrada,Vaca gordita
Tortita,Tortita de maíz,Tortita americana,Tortita de avena
Suciedad,Suciedad acumulada,Suciedad incrustada,Suciedad visible
Paz,Paz interior,Paz mundial,Paz duradera
Charco,Charco de sangre,Charco de agua,Charco de lodo
Hermano,Hermano mayor,Hermano menor,Hermano gemelo
Botón,Botón de emergencia,Botón rojo,Botón desabrochado
Norte,Norte magnético,Norte geográfico,Norte de Europa
Mantequilla,Mantequilla de maní,Mantequilla derretida,Mantequilla sin sal
Pan,Pan integral,Pan de molde,Pan de centeno
Cerdo,Cerdo ibérico,Cerdo salvaje,Cerdo asado
Cubo,Cubo de Rubik,Cubo de basura,Cubo de hielo
Mariposa,Mariposa monarca,Mariposa nocturna,Mariposa exótica
Tirón,Tirón de orejas,Tirón muscular,Tirón de pelo
Paseo,Paseo marítimo,Paseo matutino,Paseo en bicicleta
Cerebro,Cerebro humano,Cerebro brillante,Cerebro creativo
Niño,Niño prodigio,Niño travieso,Niño pequeño
Autobús,Autobús escolar,Autobús urbano,Autobús turístico
Dormitorio,Dormitorio principal,Dormitorio infantil,Dormitorio compartido
Boliche,Boliche americano,Boliche nocturno,Boliche de barrio
Corte,Corte de pelo,Corte profundo,Corte limpio
Bota,Bota de montaña,Bota de cuero,Bota impermeable
Papa,Papa al horno,Papa frita,Papa rellena
Calendario,Calendario lunar,Calendario escolar,Calendario perpetuo
Reina,Reina de corazones,Reina del baile,Reina de Inglaterra
Batalla,Batalla épica,Batalla campal,Batalla naval
Vela,Vela aromática,Vela encendida,Vela de cumpleaños
Plátano,Plátano maduro,Plátano frito,Plátano verde
Palomitas,Palomitas de maíz,Palomitas dulces,Palomitas saladas
Abeja,Abeja reina,Abeja obrera,Abeja asesina
Raíz,Raíz cuadrada,Raíz profunda,Raíz del problema
Vientre,Vientre plano,Vientre hinchado,Vientre materno
Anillo,Anillo de compromiso,Anillo de oro,Anillo mágico
Mono,Mono araña,Mono capuchino,Mono travieso
Lluvia,Lluvia torrencial,Lluvia de ideas,Lluvia ligera
Luna,Luna llena,Luna nueva,Luna menguante
Habitación,Habitación doble,Habitación oscura,Habitación principal
Taza,Taza de café,Taza rota,Taza medidora
Paleta,Paleta de colores,Paleta de helado,Paleta de pintura
Rosa,Rosa roja,Rosa amarilla,Rosa marchita
Pista,Pista de baile,Pista de aterrizaje,Pista de esquí
Cinco,Cinco estrellas,Cinco sentidos,Cinco minutos
Corto,Corto y preciso,Corto de vista,Corto metraje
Vida,Vida eterna,Vida saludable,Vida feliz
Ketchup,Ketchup de tomate,Ketchup picante,Ketchup dulce
Tren,Tren bala,Tren de carga,Tren nocturno
Zapato,Zapato de tacón,Zapato deportivo,Zapato de cuero
Trampa,Trampa mortal,Trampa para ratones,Trampa astuta
Falda,Falda corta,Falda larga,Falda plisada
Cocina,Cocina moderna,Cocina equipada,Cocina abierta
Basura,Basura orgánica,Basura reciclable,Basura acumulada
Árbol,Árbol genealógico,Árbol frutal,Árbol caído
Calor,Calor abrasador,Calor humano,Calor sofocante
Debajo,Debajo de la cama,Debajo del agua,Debajo de la mesa
Viaje,Viaje espacial,Viaje largo,Viaje inolvidable
Muerte,Muerte súbita,Muerte natural,Muerte trágica
Tortuga,Tortuga marina,Tortuga gigante,Tortuga terrestre
Lametón,Lametón cariñoso,Lametón de perro,Lametón rápido
León,León feroz,León africano,León rugiente
Cebra,Cebra rayada,Cebra africana,Cebra salvaje
Labio,Labio superior,Labio inferior,Labio partido
Mancha,Mancha de vino,Mancha de sangre,Mancha de grasa
Estómago,Estómago vacío,Estómago lleno,Estómago sensible
Tormenta,Tormenta eléctrica,Tormenta de nieve,Tormenta de arena
Zoológico,Zoológico municipal,Zoológico grande,Zoológico exótico
Estudiante,Estudiante universitario,Estudiante aplicado,Estudiante nuevo
Subida,Subida empinada,Subida de precios,Subida de temperatura
Lobo,Lobo feroz,Lobo solitario,Lobo gris
Calle,Calle estrecha,Calle principal,Calle oscura
Tutor,Tutor académico,Tutor legal,Tutor privado
Halcón,Halcón peregrino,Halcón cazador,Halcón entrenado
Equipo,Equipo de fútbol,Equipo de trabajo,Equipo de sonido
Corazón,Corazón roto,Corazón valiente,Corazón de oro
Chicle,Chicle de menta,Chicle pegajoso,Chicle de fresa
Cabeza,Cabeza dura,Cabeza fría,Cabeza pensante
Humo,Humo negro,Humo tóxico,Humo denso
Primero,Primero de la clase,Primero en la fila,Primero en llegar
Ejército,Ejército de tierra,Ejército invencible,Ejército enemigo
Ducha,Ducha caliente,Ducha rápida,Ducha relajante
Hotel,Hotel de lujo,Hotel barato,Hotel céntrico
Casa,Casa embrujada,Casa de campo,Casa de muñecas
Sello,Sello postal,Sello oficial,Sello de calidad
Hambre,Hambre voraz,Hambre mundial,Hambre de conocimientos
Caza,Caza furtiva,Caza mayor,Caza de brujas
Hielo,Hielo seco,Hielo derretido,Hielo fino
Serpiente,Serpiente venenosa,Serpiente de cascabel,Serpiente pitón
Patada,Patada voladora,Patada baja,Patada fuerte
Gamba,Gamba roja,Gamba cocida,Gamba pelada
Calcetines,Calcetines de lana,Calcetines sucios,Calcetines cortos
Madera,Madera noble,Madera tallada,Madera quemada
Playa,Playa paradisíaca,Playa de arena,Playa solitaria
Cadena,Cadena de oro,Cadena perpetua,Cadena alimenticia
Parque,Parque nacional,Parque infantil,Parque de atracciones
Mascota,Mascota fiel,Mascota exótica,Mascota perdida
Cangrejo,Cangrejo ermitaño,Cangrejo de río,Cangrejo gigante
Mercado,Mercado negro,Mercado central,Mercado ambulante
Matrimonio,Matrimonio feliz,Matrimonio joven,Matrimonio arreglado
Muerte,Muerte súbita,Muerte natural,Muerte trágica
Cera,Cera caliente,Cera de abejas,Cera para muebles
Medicina,Medicina alternativa,Medicina natural,Medicina moderna
Fiesta,Fiesta sorpresa,Fiesta de cumpleaños,Fiesta de disfraces
Horno,Horno de leña,Horno eléctrico,Horno caliente
Hombre,Hombre valiente,Hombre sabio,Hombre de negocios
Tapa,Tapa de rosca,Tapa de plástico,Tapa de botella
Magia,Magia negra,Magia blanca,Magia de escenario
Llanto,Llanto desconsolado,Llanto de bebé,Llanto silencioso
Macarrones,Macarrones con queso,Macarrones gratinados,Macarrones al dente
Almuerzo,Almuerzo rápido,Almuerzo ligero,Almuerzo de trabajo
Teléfono,Teléfono móvil,Teléfono fijo,Teléfono roto
Leche,Leche desnatada,Leche fresca,Leche de soja
Baile,Baile de salón,Baile moderno,Baile de graduación
Suerte,Suerte de principiante,Suerte echada,Suerte inesperada
Veneno,Veneno letal,Veneno de serpiente,Veneno invisible
Nido,Nido de pájaro,Nido vacío,Nido de avispas
Zanahoria,Zanahoria rallada,Zanahoria fresca,Zanahoria dulce
Largo,Largo camino,Largo plazo,Largo metraje
Uña,Uña rota,Uña larga,Uña pintada
Puerta,Puerta cerrada,Puerta de emergencia,Puerta automática
Carne,Carne roja,Carne asada,Carne magra
Doctor,Doctor en medicina,Doctor famoso,Doctor de cabecera
Burrito,Burrito mexicano,Burrito de pollo,Burrito vegetariano
Cena,Cena de gala,Cena romántica,Cena rápida
Grieta,Grieta en el suelo,Grieta profunda,Grieta peligrosa
Diamante,Diamante en bruto,Diamante brillante,Diamante caro
Centavo,Centavo perdido,Centavo de cobre,Centavo antiguo
Día,Día soleado,Día festivo,Día agotador
Móvil,Móvil inteligente,Móvil roto,Móvil antiguo
Suciedad,Suciedad acumulada,Suciedad incrustada,Suciedad visible
Dinero,Dinero fácil,Dinero sucio,Dinero falso
Cinturón,Cinturón de seguridad,Cinturón de cuero,Cinturón apretado
Rosa,Rosa roja,Rosa amarilla,Rosa marchita
Fecha,Fecha de nacimiento,Fecha límite,Fecha inolvidable
Barco,Barco velero,Barco hundido,Barco de pesca
Oscuridad,Oscuridad total,Oscuridad profunda,Oscuridad aterradora
Carbón,Carbón vegetal,Carbón activado,Carbón mineral
Ninja,Ninja sigiloso,Ninja veloz,Ninja habilidoso
Ladrillo,Ladrillo rojo,Ladrillo macizo,Ladrillo roto
Computadora,Computadora portátil,Computadora antigua,Computadora rápida
Novia,Novia feliz,Novia nerviosa,Novia perfecta
Pausa,Pausa activa,Pausa prolongada,Pausa breve
Estrella,Estrella fugaz,Estrella de mar,Estrella brillante
Chaqueta,Chaqueta de cuero,Chaqueta abrigada,Chaqueta moderna
Pelea,Pelea callejera,Pelea violenta,Pelea justa
Sopa,Sopa de pollo,Sopa caliente,Sopa de verduras
Tigre,Tigre de bengala,Tigre feroz,Tigre en peligro
Pescado,Pescado fresco,Pescado a la parrilla,Pescado frito
Llama,Llama encendida,Llama ardiente,Llama de fuego
Suavidad,Suavidad extrema,Suavidad de piel,Suavidad de tela
Papel de aluminio,Papel de aluminio arrugado,Papel de aluminio grueso,Papel de aluminio fino
Comida,Comida rápida,Comida casera,Comida chatarra
Perro,Perro guía,Perro guardián,Perro juguetón
Desorden,Desorden mental,Desorden alimenticio,Desorden familiar
Concha,Concha marina,Concha vacía,Concha dura
Hospital,Hospital general,Hospital infantil,Hospital privado
Tarro,Tarro de mermelada,Tarro roto,Tarro vacío
Cuadrado,Cuadrado perfecto,Cuadrado mágico,Cuadrado amarillo
Diez,Diez mandamientos,Diez puntos,Diez minutos
Comienzo,Comienzo difícil,Comienzo prometedor,Comienzo inesperado
Vaqueros,Vaqueros ajustados,Vaqueros desgastados,Vaqueros modernos
Pierna,Pierna rota,Pierna fuerte,Pierna larga
Nieve,Nieve blanca,Nieve fresca,Nieve derretida
Tostada,Tostada quemada,Tostada con mantequilla,Tostada crujiente
Jugo,Jugo natural,Jugo de naranja,Jugo fresco
Fresa,Fresa madura,Fresa dulce,Fresa ácida
Blanco,Blanco nieve,Blanco puro,Blanco roto
Tiburón,Tiburón blanco,Tiburón peligroso,Tiburón martillo
Altura,Altura impresionante,Altura máxima,Altura media
Siete,Siete días,Siete colores,Siete maravillas
Gelatina,Gelatina de fresa,Gelatina transparente,Gelatina espesa
Pulgar,Pulgar arriba,Pulgar roto,Pulgar oponible
Aeropuerto,Aeropuerto internacional,Aeropuerto concurrido,Aeropuerto pequeño
Flor,Flor marchita,Flor colorida,Flor aromática
Cadera,Cadera rota,Cadera ancha,Cadera estrecha
Regazo,Regazo cómodo,Regazo de madre,Regazo acogedor
Escuela,Escuela primaria,Escuela secundaria,Escuela pública
Rodilla,Rodilla hinchada,Rodilla rota,Rodilla flexible
Tierra,Tierra fértil,Tierra prometida,Tierra batida
Salchicha,Salchicha alemana,Salchicha a la parrilla,Salchicha picante
Cuero,Cuero sintético,Cuero natural,Cuero negro
Agujero,Agujero negro,Agujero en la pared,Agujero profundo
Rueda,Rueda pinchada,Rueda dentada,Rueda grande
Limón,Limón ácido,Limón fresco,Limón amarillo
Palo,Palo de escoba,Palo de hockey,Palo largo
Caballo,Caballo de carreras,Caballo salvaje,Caballo blanco
Luz,Luz solar,Luz artificial,Luz tenue
Mosca,Mosca molesta,Mosca de fruta,Mosca rápida
Camisa,Camisa de seda,Camisa de algodón,Camisa de vestir
Hogar,Hogar dulce hogar,Hogar acogedor,Hogar seguro
Secreto,Secreto a voces,Secreto oscuro,Secreto de familia
Isla,Isla desierta,Isla paradisíaca,Isla tropical
Piano,Piano de cola,Piano desafinado,Piano antiguo
Compañero,Compañero de trabajo,Compañero de viaje,Compañero de clase
Pantalones,Pantalones vaqueros,Pantalones cortos,Pantalones ajustados
Tazón,Tazón grande,Tazón de sopa,Tazón de cerámica
Mañana,Mañana soleada,Mañana lluviosa,Mañana fría
Pollo,Pollo asado,Pollo frito,Pollo a la plancha
Plato,Plato hondo,Plato de postre,Plato sucio
Hervor,Hervor lento,Hervor rápido,Hervor suave
Bollo,Bollo de pan,Bollo dulce,Bollo relleno
Picnic,Picnic familiar,Picnic en el parque,Picnic al aire libre
Cuadro,Cuadro famoso,Cuadro pintoresco,Cuadro abstracto
Tiza,Tiza blanca,Tiza de colores,Tiza en polvo
Pasta,Pasta italiana,Pasta al dente,Pasta casera
Fiesta,Fiesta de cumpleaños,Fiesta sorpresa,Fiesta de disfraces
Caja,Caja de cartón,Caja fuerte,Caja pequeña
Palabra fácil,Opción difícil 1,Opción difícil 2,Opción difícil 3
Escuela,Escuela de música,Escuela bilingüe,Escuela de artes
Tijera,Tijera de podar,Tijera de cocina,Tijera afilada
Perro,Perro guardián,Perro de rescate,Perro pastor
Teléfono,Teléfono inalámbrico,Teléfono descompuesto,Teléfono con cámara
Biblioteca,Biblioteca pública,Biblioteca digital,Biblioteca universitaria
Montaña,Montaña nevada,Montaña rocosa,Montaña inaccesible
Aire,Aire acondicionado,Aire fresco,Aire contaminado
Reloj,Reloj de pared,Reloj digital,Reloj de bolsillo
Casa,Casa de campo,Casa en la playa,Casa embrujada
Sombrero,Sombrero de paja,Sombrero elegante,Sombrero desgastado
Ventana,Ventana rota,Ventana de cristal,Ventana grande
Carro,Carro deportivo,Carro viejo,Carro de juguete
Música,Música clásica,Música en vivo,Música instrumental
Río,Río caudaloso,Río contaminado,Río tranquilo
Computadora,Computadora portátil,Computadora obsoleta,Computadora rápida
Fotografía,Fotografía en blanco y negro,Fotografía antigua,Fotografía borrosa
Zapato,Zapato de tacón,Zapato cómodo,Zapato de baile
Bosque,Bosque encantado,Bosque denso,Bosque tropical
Mesa,Mesa redonda,Mesa de comedor,Mesa de trabajo
Juego,Juego de mesa,Juego en línea,Juego interactivo
Bicicleta,Bicicleta de montaña,Bicicleta estática,Bicicleta antigua
Ciudad,Ciudad amurallada,Ciudad cosmopolita,Ciudad abandonada
Papel,Papel reciclado,Papel arrugado,Papel de regalo
Comida,Comida rápida,Comida gourmet,Comida vegetariana
Bebida,Bebida energética,Bebida alcohólica,Bebida refrescante
Cielo,Cielo estrellado,Cielo nublado,Cielo despejado
Coche,Coche eléctrico,Coche descapotable,Coche fúnebre
Ojo,Ojo morado,Ojo de pez,Ojo vigilante
Sol,Sol radiante,Sol poniente,Sol abrasador
Puerta,Puerta blindada,Puerta corrediza,Puerta automática
Camisa,Camisa arrugada,Camisa hawaiana,Camisa de fuerza
Gato,Gato negro,Gato callejero,Gato montés
Niño,Niño prodigio,Niño travieso,Niño huérfano
Montaña,Montaña sagrada,Montaña inexplorada,Montaña nevada
Estrella,Estrella fugaz,Estrella de cine,Estrella polar
Llave,Llave maestra,Llave inglesa,Llave perdida
Barco,Barco hundido,Barco a vapor,Barco pesquero
Flor,Flor marchita,Flor exótica,Flor aromática
Silla,Silla reclinable,Silla plegable,Silla ergonómica
Lago,Lago cristalino,Lago salado,Lago helado
Amigo,Amigo imaginario,Amigo inseparable,Amigo por correspondencia
Cama,Cama de hospital,Cama matrimonial,Cama de agua
Llave,Llave maestra,Llave dorada,Llave oxidada
Reina,Reina de corazones,Reina de belleza,Reina del carnaval
Maleta,Maleta de viaje,Maleta rota,Maleta pequeña
Sombrero,Sombrero de copa,Sombrero de ala ancha,Sombrero de paja
Perro,Perro de caza,Perro de servicio,Perro vagabundo
Ojo,Ojo biónico,Ojo avizor,Ojo clínico
Fuego,Fuego controlado,Fuego abrasador,Fuego artificial
Faro,Faro desactivado,Faro en la niebla,Faro abandonado
Mango,Mango maduro,Mango tropical,Mango jugoso
Pelota,Pelota de playa,Pelota desinflada,Pelota de tenis
Luna,Luna llena,Luna menguante,Luna de miel
Campo,Campo de flores,Campo de batalla,Campo magnético
Tijera,Tijera de podar,Tijera de sastre,Tijera afilada
Tren,Tren bala,Tren antiguo,Tren de carga
Caja,Caja fuerte,Caja de sorpresas,Caja de herramientas
Mar,Mar en calma,Mar embravecido,Mar de lágrimas
Lámpara,Lámpara de mesa,Lámpara de pie,Lámpara de aceite
Botella,Botella de vino,Botella rota,Botella de cristal
Sol,Sol radiante,Sol de invierno,Sol poniente
Muelle,Muelle de carga,Muelle oxidado,Muelle de madera
Ajo,Ajo picado,Ajo asado,Ajo en polvo
Barco,Barco pirata,Barco encallado,Barco de vapor
Pez,Pez tropical,Pez dorado,Pez espada
Puente,Puente colgante,Puente de piedra,Puente levadizo
Cielo,Cielo estrellado,Cielo nublado,Cielo despejado
Montaña,Montaña rocosa,Montaña sagrada,Montaña nevada
Bebé,Bebé recién nacido,Bebé llorón,Bebé prematuro
Miel,Miel de abejas,Miel orgánica,Miel cristalizada
Piedra,Piedra preciosa,Piedra filosofal,Piedra caliza
Bosque,Bosque encantado,Bosque tropical,Bosque de coníferas
Ratón,Ratón de laboratorio,Ratón inalámbrico,Ratón asustado
Nube,Nube de tormenta,Nube blanca,Nube de humo
Tiburón,Tiburón blanco,Tiburón martillo,Tiburón peligroso
Cuchillo,Cuchillo afilado,Cuchillo de cocina,Cuchillo de caza
Humo,Humo negro,Humo denso,Humo tóxico
Puerta,Puerta de emergencia,Puerta blindada,Puerta giratoria
Abeja,Abeja reina,Abeja obrera,Abeja zumbadora
Cuerda,Cuerda floja,Cuerda de saltar,Cuerda tensada
Guitarra,Guitarra eléctrica,Guitarra desafinada,Guitarra acústica
Escoba,Escoba voladora,Escoba de bruja,Escoba desgastada
Copa,Copa de vino,Copa rota,Copa dorada
Lago,Lago helado,Lago cristalino,Lago salado
Escalera,Escalera de caracol,Escalera mecánica,Escalera empinada
Bicicleta,Bicicleta de montaña,Bicicleta estática,Bicicleta plegable
Avión,Avión de pasajeros,Avión de carga,Avión supersónico
Juguete,Juguete roto,Juguete de peluche,Juguete educativo
Moneda,Moneda antigua,Moneda de oro,Moneda extranjera
Río,Río caudaloso,Río contaminado,Río de lava
Camión,Camión de bomberos,Camión de carga,Camión cisterna
Helado,Helado de chocolate,Helado derretido,Helado artesanal
Parque,Parque de atracciones,Parque infantil,Parque nacional
Caballo,Caballo salvaje,Caballo de carreras,Caballo blanco
Estadio,Estadio olímpico,Estadio de fútbol,Estadio vacío
Cuchara,Cuchara de plata,Cuchara de madera,Cuchara sopera
Tortuga,Tortuga marina,Tortuga gigante,Tortuga de tierra
Pintura,Pintura abstracta,Pintura al óleo,Pintura rupestre
Piano,Piano de cola,Piano desafinado,Piano antiguo
Cactus,Cactus espinoso,Cactus en flor,Cactus desértico
León,León rugiente,León africano,León enjaulado
Reloj,Reloj de arena,Reloj de pulsera,Reloj solar
Calle,Calle adoquinada,Calle sin salida,Calle concurrida
Bolso,Bolso de mano,Bolso de cuero,Bolso extraviado
Papel,Papel reciclado,Papel arrugado,Papel de regalo
Muñeca,Muñeca de trapo,Muñeca rota,Muñeca antigua
Silla,Silla de ruedas,Silla plegable,Silla ergonómica
Gafas,Gafas de sol,Gafas graduadas,Gafas rotas
Nido,Nido de pájaro,Nido vacío,Nido de avispas
Baile,Baile de salón,Baile moderno,Baile folklórico
Luz,Luz solar,Luz tenue,Luz intermitente
Escuela,Escuela primaria,Escuela secundaria,Escuela bilingüe
Café,Café colombiano,Café expreso,Café descafeinado
Ventana,Ventana abierta,Ventana de aluminio,Ventana sucia
Arco,Arco iris,Arco de triunfo,Arco gótico
Flauta,Flauta travesera,Flauta de pan,Flauta dulce
Cerebro,Cerebro humano,Cerebro reptiliano,Cerebro en desarrollo
Horno,Horno microondas,Horno de leña,Horno industrial
Bola,Bola de cristal,Bola de nieve,Bola de fuego
Regalo,Regalo sorpresa,Regalo envuelto,Regalo de cumpleaños
Piano,Piano de cola,Piano desafinado,Piano antiguo
Árbol,Árbol genealógico,Árbol de Navidad,Árbol frutal
Rana,Rana venenosa,Rana saltarina,Rana verde
Libro,Libro de aventuras,Libro de cocina,Libro antiguo
Sombrilla,Sombrilla de playa,Sombrilla rota,Sombrilla colorida
Gallina,Gallina ponedora,Gallina clueca,Gallina asustada
Teléfono,Teléfono móvil,Teléfono fijo,Teléfono de emergencia
Guitarra,Guitarra eléctrica,Guitarra desafinada,Guitarra acústica
Espada,Espada medieval,Espada afilada,Espada oxidada
Soldado,Soldado raso,Soldado herido,Soldado valiente
Colina,Colina empinada,Colina verde,Colina nevada
Roca,Roca volcánica,Roca sedimentaria,Roca gigante
Cama,Cama de agua,Cama matrimonial,Cama de hospital
Viento,Viento huracanado,Viento suave,Viento del norte
Escultura,Escultura de mármol,Escultura abstracta,Escultura gigante
Jardín,Jardín botánico,Jardín zen,Jardín de infancia
Galleta,Galleta de chocolate,Galleta salada,Galleta crujiente
Tren,Tren de alta velocidad,Tren de mercancías,Tren antiguo
Cepillo,Cepillo de dientes,Cepillo de ropa,Cepillo para el cabello
Agujero,Agujero negro,Agujero en la pared,Agujero profundo
Ajo,Ajo picado,Ajo asado,Ajo en polvo
Árbol,Árbol genealógico,Árbol de Navidad,Árbol frutal
Aula,Aula virtual,Aula de clase,Aula magna
Autopista,Autopista congestionada,Autopista de peaje,Autopista interestatal
Aventura,Aventura submarina,Aventura en la selva,Aventura peligrosa
Banco,Banco de madera,Banco de arena,Banco financiero
Bar,Bar de tapas,Bar clandestino,Bar deportivo
Barra,Barra de chocolate,Barra de seguridad,Barra de pan
Batería,Batería recargable,Batería agotada,Batería de cocina
Bicicleta,Bicicleta de montaña,Bicicleta estática,Bicicleta plegable
Bola,Bola de cristal,Bola de nieve,Bola de fuego
Bolsa,Bolsa de papel,Bolsa de valores,Bolsa de deporte
Bomba,Bomba de agua,Bomba nuclear,Bomba de aire
Botella,Botella de vino,Botella rota,Botella de cristal
Cactus,Cactus espinoso,Cactus en flor,Cactus desértico
Cadena,Cadena de montaje,Cadena perpetua,Cadena de oro
Café,Café colombiano,Café expreso,Café descafeinado
Caja,Caja fuerte,Caja de sorpresas,Caja de herramientas
Camión,Camión de bomberos,Camión de carga,Camión cisterna
Canguro,Canguro saltarín,Canguro con cría,Canguro boxeador
Cañón,Cañón de agua,Cañón de artillería,Cañón profundo
Caramelo,Caramelo de menta,Caramelo pegajoso,Caramelo ácido
Carpa,Carpa de circo,Carpa para eventos,Carpa de pesca
Casa,Casa de campo,Casa en la playa,Casa embrujada
Cebolla,Cebolla caramelizada,Cebolla picada,Cebolla morada
Cerveza,Cerveza artesanal,Cerveza sin alcohol,Cerveza oscura
Cine,Cine de verano,Cine independiente,Cine mudo
Cisne,Cisne negro,Cisne majestuoso,Cisne en el lago
Coche,Coche eléctrico,Coche descapotable,Coche fúnebre
Cocina,Cocina moderna,Cocina rústica,Cocina de gas
Codo,Codo dislocado,Codo enrojecido,Codo fracturado
Colina,Colina empinada,Colina verde,Colina nevada
Columpio,Columpio roto,Columpio de madera,Columpio oxidado
Cometa,Cometa Halley,Cometa de papel,Cometa brillante
Comida,Comida rápida,Comida gourmet,Comida vegetariana
Conejo,Conejo blanco,Conejo de Pascua,Conejo enano
Copa,Copa de vino,Copa rota,Copa dorada
Corazón,Corazón roto,Corazón de piedra,Corazón latiendo
Cuerda,Cuerda floja,Cuerda de saltar,Cuerda tensada
Danza,Danza moderna,Danza clásica,Danza folklórica
Delfín,Delfín saltarín,Delfín rosado,Delfín en cautiverio
Desierto,Desierto de arena,Desierto helado,Desierto árido
Diamante,Diamante en bruto,Diamante tallado,Diamante perdido
Dinosaurio,Dinosaurio carnívoro,Dinosaurio herbívoro,Dinosaurio fosilizado
Disco,Disco de vinilo,Disco duro,Disco de hockey
Doctor,Doctor pediatra,Doctor cirujano,Doctor en emergencias
Ducha,Ducha caliente,Ducha fría,Ducha al aire libre
Elefante,Elefante africano,Elefante asiático,Elefante bebé
Escalera,Escalera de caracol,Escalera mecánica,Escalera empinada
Escoba,Escoba voladora,Escoba de bruja,Escoba desgastada
Escuela,Escuela primaria,Escuela secundaria,Escuela bilingüe
Espejo,Espejo roto,Espejo mágico,Espejo de aumento
Estadio,Estadio olímpico,Estadio de fútbol,Estadio vacío
Estrella,Estrella fugaz,Estrella de cine,Estrella polar
Faro,Faro desactivado,Faro en la niebla,Faro abandonado
Flauta,Flauta travesera,Flauta de pan,Flauta dulce
Flor,Flor marchita,Flor exótica,Flor aromática
Fresa,Fresa madura,Fresa ácida,Fresa con nata
Fuego,Fuego controlado,Fuego abrasador,Fuego artificial
Gallina,Gallina ponedora,Gallina clueca,Gallina asustada
Galleta,Galleta de chocolate,Galleta salada,Galleta crujiente
Gato,Gato negro,Gato callejero,Gato montés
Gira,Gira mundial,Gira de conciertos,Gira de estudios
Gorro,Gorro de lana,Gorro de baño,Gorro de chef
Guitarra,Guitarra eléctrica,Guitarra desafinada,Guitarra acústica
Helado,Helado de chocolate,Helado derretido,Helado artesanal
Hielo,Hielo seco,Hielo derretido,Hielo polar
Horno,Horno microondas,Horno de leña,Horno industrial
Hormiga,Hormiga reina,Hormiga trabajadora,Hormiga voladora
Hospital,Hospital general,Hospital infantil,Hospital veterinario
Hotel,Hotel de lujo,Hotel abandonado,Hotel boutique
Huevos,Huevos revueltos,Huevos fritos,Huevos duros
Jardín,Jardín botánico,Jardín zen,Jardín de infancia
Juguete,Juguete roto,Juguete de peluche,Juguete educativo
Lago,Lago helado,Lago cristalino,Lago salado
León,León rugiente,León africano,León enjaulado
Libro,Libro de aventuras,Libro de cocina,Libro antiguo
Luz,Luz solar,Luz tenue,Luz intermitente
Maíz,Maíz tierno,Maíz transgénico,Maíz desgranado
Mano,Mano fracturada,Mano amiga,Mano sudada
Mar,Mar en calma,Mar embravecido,Mar de lágrimas
Martillo,Martillo neumático,Martillo oxidado,Martillo pesado
Mesa,Mesa redonda,Mesa de comedor,Mesa de trabajo
Montaña,Montaña rocosa,Montaña sagrada,Montaña nevada
Mosca,Mosca doméstica,Mosca en la sopa,Mosca molesta
Muñeca,Muñeca de trapo,Muñeca rota,Muñeca antigua
Navaja,Navaja suiza,Navaja oxidada,Navaja afilada
Nube,Nube de tormenta,Nube blanca,Nube de humo
Ojo,Ojo morado,Ojo de pez,Ojo vigilante
Olivo,Olivo centenario,Olivo joven,Olivo en flor
Oro,Oro macizo,Oro falso,Oro brillante
Pájaro,Pájaro carpintero,Pájaro cantor,Pájaro enjaulado
Pan,Pan integral,Pan sin levadura,Pan tostado
Papaya,Papaya madura,Papaya tropical,Papaya jugosa
Papá,Papá Noel,Papá cariñoso,Papá ausente
Parque,Parque de atracciones,Parque infantil,Parque nacional
Patata,Patata asada,Patata hervida,Patata frita
Pato,Pato mandarín,Pato de goma,Pato silvestre
Pavo,Pavo real,Pavo de Navidad,Pavo salvaje
Pelota,Pelota de playa,Pelota desinflada,Pelota de tenis
Pequeño,Pequeño ratón,Pequeño detalle,Pequeño gigante
Perla,Perla negra,Perla de agua dulce,Perla preciosa
Piedra,Piedra preciosa,Piedra filosofal,Piedra caliza
Pino,Pino nevado,Pino oloroso,Pino alto
Plato,Plato sucio,Plato roto,Plato gourmet
Playa,Playa paradisíaca,Playa concurrida,Playa desierta
Pluma,Pluma de pavo real,Pluma estilográfica,Pluma ligera
Poema,Poema épico,Poema romántico,Poema melancólico
Puente,Puente colgante,Puente de piedra,Puente levadizo
Rana,Rana venenosa,Rana saltarina,Rana verde
Ratón,Ratón de laboratorio,Ratón inalámbrico,Ratón asustado
Regalo,Regalo sorpresa,Regalo envuelto,Regalo de cumpleaños
Reloj,Reloj de arena,Reloj de pulsera,Reloj solar
Río,Río caudaloso,Río contaminado,Río de lava
Roca,Roca volcánica,Roca sedimentaria,Roca gigante
Rosa,Rosa marchita,Rosa roja,Rosa aromática
Sabor,Sabor amargo,Sabor dulce,Sabor picante
Sal,Sal marina,Sal de mesa,Sal sin refinar
Silla,Silla de ruedas,Silla plegable,Silla ergonómica
Sirena,Sirena de mar,Sirena de policía,Sirena en la roca
Sombrero,Sombrero de copa,Sombrero mexicano,Sombrero de paja
Sol,Sol radiante,Sol de invierno,Sol poniente
Sopa,Sopa caliente,Sopa de pollo,Sopa enlatada
Taladro,Taladro manual,Taladro eléctrico,Taladro sin cable
Taza,Taza de té,Taza rota,Taza grande
Teléfono,Teléfono móvil,Teléfono fijo,Teléfono de emergencia
Tenedor,Tenedor de postre,Tenedor de plata,Tenedor de tres puntas
Tiburón,Tiburón blanco,Tiburón martillo,Tiburón peligroso
Tijera,Tijera de podar,Tijera de sastre,Tijera afilada
Tigre,Tigre de Bengala,Tigre blanco,Tigre enjaulado
Toro,Toro bravo,Toro en la arena,Toro mecánico
Tortuga,Tortuga marina,Tortuga gigante,Tortuga de tierra
Tren,Tren bala,Tren antiguo,Tren de carga
Trompeta,Trompeta de oro,Trompeta desafinada,Trompeta resonante
Túnel,Túnel oscuro,Túnel subterráneo,Túnel angosto
Vaca,Vaca lechera,Vaca sagrada,Vaca perdida
Vela,Vela aromática,Vela encendida,Vela de cumpleaños
Ventana,Ventana abierta,Ventana de aluminio,Ventana sucia
Vida,Vida eterna,Vida saludable,Vida secreta
Viento,Viento huracanado,Viento suave,Viento del norte
Zapato,Zapato de charol,Zapato roto,Zapato de tacón
Zorro,Zorro ártico,Zorro astuto,Zorro rojo
Palabra fácil,Opción difícil 1,Opción difícil 2,Opción difícil 3
Agujero,Agujero negro,Agujero en la pared,Agujero profundo
Ajo,Ajo picado,Ajo asado,Ajo en polvo
Árbol,Árbol genealógico,Árbol de Navidad,Árbol frutal
Aula,Aula virtual,Aula de clase,Aula magna
Autopista,Autopista congestionada,Autopista de peaje,Autopista interestatal
Aventura,Aventura submarina,Aventura en la selva,Aventura peligrosa
Banco,Banco de madera,Banco de arena,Banco financiero
Bar,Bar de tapas,Bar clandestino,Bar deportivo
Barra,Barra de chocolate,Barra de seguridad,Barra de pan
Batería,Batería recargable,Batería agotada,Batería de cocina
Bicicleta,Bicicleta de montaña,Bicicleta estática,Bicicleta plegable
Bola,Bola de cristal,Bola de nieve,Bola de fuego
Bolsa,Bolsa de papel,Bolsa de valores,Bolsa de deporte
Bomba,Bomba de agua,Bomba nuclear,Bomba de aire
Botella,Botella de vino,Botella rota,Botella de cristal
Cactus,Cactus espinoso,Cactus en flor,Cactus desértico
Cadena,Cadena de montaje,Cadena perpetua,Cadena de oro
Café,Café colombiano,Café expreso,Café descafeinado
Caja,Caja fuerte,Caja de sorpresas,Caja de herramientas
Camión,Camión de bomberos,Camión de carga,Camión cisterna
Canguro,Canguro saltarín,Canguro con cría,Canguro boxeador
Cañón,Cañón de agua,Cañón de artillería,Cañón profundo
Caramelo,Caramelo de menta,Caramelo pegajoso,Caramelo ácido
Carpa,Carpa de circo,Carpa para eventos,Carpa de pesca
Casa,Casa de campo,Casa en la playa,Casa embrujada
Cebolla,Cebolla caramelizada,Cebolla picada,Cebolla morada
Cerveza,Cerveza artesanal,Cerveza sin alcohol,Cerveza oscura
Cine,Cine de verano,Cine independiente,Cine mudo
Cisne,Cisne negro,Cisne majestuoso,Cisne en el lago
Coche,Coche eléctrico,Coche descapotable,Coche fúnebre
Cocina,Cocina moderna,Cocina rústica,Cocina de gas
Codo,Codo dislocado,Codo enrojecido,Codo fracturado
Colina,Colina empinada,Colina verde,Colina nevada
Columpio,Columpio roto,Columpio de madera,Columpio oxidado
Cometa,Cometa Halley,Cometa de papel,Cometa brillante
Comida,Comida rápida,Comida gourmet,Comida vegetariana
Conejo,Conejo blanco,Conejo de Pascua,Conejo enano
Copa,Copa de vino,Copa rota,Copa dorada
Corazón,Corazón roto,Corazón de piedra,Corazón latiendo
Cuerda,Cuerda floja,Cuerda de saltar,Cuerda tensada
Danza,Danza moderna,Danza clásica,Danza folklórica
Delfín,Delfín saltarín,Delfín rosado,Delfín en cautiverio
Desierto,Desierto de arena,Desierto helado,Desierto árido
Diamante,Diamante en bruto,Diamante tallado,Diamante perdido
Dinosaurio,Dinosaurio carnívoro,Dinosaurio herbívoro,Dinosaurio fosilizado
Disco,Disco de vinilo,Disco duro,Disco de hockey
Doctor,Doctor pediatra,Doctor cirujano,Doctor en emergencias
Ducha,Ducha caliente,Ducha fría,Ducha al aire libre
Elefante,Elefante africano,Elefante asiático,Elefante bebé
Escalera,Escalera de caracol,Escalera mecánica,Escalera empinada
Escoba,Escoba voladora,Escoba de bruja,Escoba desgastada
Escuela,Escuela primaria,Escuela secundaria,Escuela bilingüe
Espejo,Espejo roto,Espejo mágico,Espejo de aumento
Estadio,Estadio olímpico,Estadio de fútbol,Estadio vacío
Estrella,Estrella fugaz,Estrella de cine,Estrella polar
Faro,Faro desactivado,Faro en la niebla,Faro abandonado
Flauta,Flauta travesera,Flauta de pan,Flauta dulce
Flor,Flor marchita,Flor exótica,Flor aromática
Fresa,Fresa madura,Fresa ácida,Fresa con nata
Fuego,Fuego controlado,Fuego abrasador,Fuego artificial
Gallina,Gallina ponedora,Gallina clueca,Gallina asustada
Galleta,Galleta de chocolate,Galleta salada,Galleta crujiente
Gato,Gato negro,Gato callejero,Gato montés
Gira,Gira mundial,Gira de conciertos,Gira de estudios
Gorro,Gorro de lana,Gorro de baño,Gorro de chef
Guitarra,Guitarra eléctrica,Guitarra desafinada,Guitarra acústica
Helado,Helado de chocolate,Helado derretido,Helado artesanal
Hielo,Hielo seco,Hielo derretido,Hielo polar
Horno,Horno microondas,Horno de leña,Horno industrial
Hormiga,Hormiga reina,Hormiga trabajadora,Hormiga voladora
Hospital,Hospital general,Hospital infantil,Hospital veterinario
Hotel,Hotel de lujo,Hotel abandonado,Hotel boutique
Huevos,Huevos revueltos,Huevos fritos,Huevos duros
Jardín,Jardín botánico,Jardín zen,Jardín de infancia
Juguete,Juguete roto,Juguete de peluche,Juguete educativo
Lago,Lago helado,Lago cristalino,Lago salado
León,León rugiente,León africano,León enjaulado
Libro,Libro de aventuras,Libro de cocina,Libro antiguo
Luz,Luz solar,Luz tenue,Luz intermitente
Maíz,Maíz tierno,Maíz transgénico,Maíz desgranado
Mano,Mano fracturada,Mano amiga,Mano sudada
Mar,Mar en calma,Mar embravecido,Mar de lágrimas
Martillo,Martillo neumático,Martillo oxidado,Martillo pesado
Mesa,Mesa redonda,Mesa de comedor,Mesa de trabajo
Montaña,Montaña rocosa,Montaña sagrada,Montaña nevada
Mosca,Mosca doméstica,Mosca en la sopa,Mosca molesta
Muñeca,Muñeca de trapo,Muñeca rota,Muñeca antigua
Navaja,Navaja suiza,Navaja oxidada,Navaja afilada
Nube,Nube de tormenta,Nube blanca,Nube de humo
Ojo,Ojo morado,Ojo de pez,Ojo vigilante
Olivo,Olivo centenario,Olivo joven,Olivo en flor
Oro,Oro macizo,Oro falso,Oro brillante
Pájaro,Pájaro carpintero,Pájaro cantor,Pájaro enjaulado
Pan,Pan integral,Pan sin levadura,Pan tostado
Papaya,Papaya madura,Papaya tropical,Papaya jugosa
Papá,Papá Noel,Papá cariñoso,Papá ausente
Parque,Parque de atracciones,Parque infantil,Parque nacional
Patata,Patata asada,Patata hervida,Patata frita
Pato,Pato mandarín,Pato de goma,Pato silvestre
Pavo,Pavo real,Pavo de Navidad,Pavo salvaje
Pelota,Pelota de playa,Pelota desinflada,Pelota de tenis
Pequeño,Pequeño ratón,Pequeño detalle,Pequeño gigante
Perla,Perla negra,Perla de agua dulce,Perla preciosa
Piedra,Piedra preciosa,Piedra filosofal,Piedra caliza
Pino,Pino nevado,Pino oloroso,Pino alto
Plato,Plato sucio,Plato roto,Plato gourmet
Playa,Playa paradisíaca,Playa concurrida,Playa desierta
Pluma,Pluma de pavo real,Pluma estilográfica,Pluma ligera
Poema,Poema épico,Poema romántico,Poema melancólico
Puente,Puente colgante,Puente de piedra,Puente levadizo
Rana,Rana venenosa,Rana saltarina,Rana verde
Ratón,Ratón de laboratorio,Ratón inalámbrico,Ratón asustado
Regalo,Regalo sorpresa,Regalo envuelto,Regalo de cumpleaños
Reloj,Reloj de arena,Reloj de pulsera,Reloj solar
Río,Río caudaloso,Río contaminado,Río de lava
Roca,Roca volcánica,Roca sedimentaria,Roca gigante